id,make,model,year,color,doors,engineDisplacement,horsepower,mileage,price,summary,description,imageUrl
1,Jeep,LJ LJR TJ Unlimited Rubicon,2006,green,4,6-cylinder,0,38600,35000.0,"2006 jeep wrangler unlimited condition: good cylinders: 6 cylinders drive: 4wd fuel: gas odometer: 38,600 paint color: green title status: clean transmission: automatic type: offroad 2006 Jeep TJ Unlimited Rubicon LJ LJR Color: Jeep Green Miles: 38,600 Job change forces reluctant sale of this amazing and ultra rare LJ Rubicon. Includes onboard air, WARN bumpers and XD9000i winch, full Rubicon Express long arm kit with Rock Jock springs, and NIB Fox shocks! Frame and body/tub have ZERO rust. This rig has been a dedicated trail monster it's entire life by one previous owner in Durango Colorado... Body has tree stripes and there's some missing paint on the hardtop as shown. There are a few small dings, etc., but if you wanted to do paint correction it should clean up nicely. This is no poser mall crawler! It's an automatic, with 4:88 gears, running Jeep OEM 35‚Äù KO2 tires and 392 XR beadlock capable wheels that are in as new condition. Way too much to list, but has Rock Hard 4x4 bolt-in sport cage, hard and soft tops, hard top lift, NIB tube doors, ALL removed Rubicon bits (MOAB wheels, sliders, fenders), rare Insta-trunk, JW Speaker LED headlights, camo seat covers over perfect seats and beautiful carpet / interior, Bushwacker fenders, Curry Currectlync steering, ORO SwayLOC, and much more. Includes many spare parts, and a few summer projects like a ready to install upgraded factory rear view mirror with compass, temp, and courtesy lights. Was planning to finish all the projects and sorting by Spring to go wheeling but unfortunately I had to change jobs so I'm back to needing a daily driver. Please no tire kickers/time wasters, or low ball offers. Have your funds in order and ask permission first. :-) If you're not sure what you're looking at this Jeep is likely not for you. If the ad is up --- ""yes"" it's still available so no need to ask. Seriously for sale at $35k OBO. Thanks for looking!",,2006 Jeep LJ LJR TJ Unlimited Rubicon_item_9988_0.jpg
3,Mercury,Grand Marquis,2006,silver,4,4-cylinder,0,144000,8600.0,"2006 mercury grand marquis condition: excellent cylinders: 4 cylinders drive: rwd fuel: gas odometer: 144,000 paint color: silver title status: clean transmission: automatic For Sale: Beautiful 2006 Mercury Grand Marquis ‚Äì Classic Luxury & Comfort! Only 144,000 miles, Beautiful inside and out! Looking for a reliable, smooth-riding, and spacious full-size sedan? This Pristine 2006 Mercury Grand Marquis is a well-maintained gem, offering timeless luxury, durability, and a powerful V8 engine. Only 2 owners, well taken care of garage kept. Engine & Performance: 4.6L V8 engine providing a smooth, powerful ride Mileage: 144,000 ‚Äì Runs strong with plenty of life left! Exterior: Clean‚Äì Classic, well-kept body with minimal wear Interior: Plush leather seats with ample legroom for ultimate comfort Comfort & Convenience: Power windows, power seats, dual climate control, cruise control Safety Features: ABS brakes, dual front airbags, traction control for a secure drive Ride Quality: Renowned for its smooth suspension and quiet cabin! Beautiful car, ready to go to a new owner. Title: Clean title in hand! Serious buyers only! Asking near value $8,600 open to offers near asking price.",,For Sale 2006 Mercury Grand Marquis ‚Äì Classic Luxu_item_8205_0.jpg
4,Honda,Accord Sport Sedan CVT,2014,grey,4,4-cylinder,0,111000,,"7216 CENTREVILLE RD. 2014 Honda Accord Sport VIN: 1HGCR2F56EA259208 condition: excellent cylinders: 4 cylinders drive: fwd est. monthly pmt: $450 fuel: gas odometer: 111,000 paint color: grey title status: clean transmission: automatic type: sedan more ads by this seller Offered by: Commercial Auto and Trucks -- (703)330-6926 Commercial Auto and Trucks Mileage: 111000 Condition: Used Engine: 2.4L/V4 Transmission: Automatic Drivetrain: FWD Fuel: Gasoline Exterior Color: Gray Interior Color: Black Stock#: 880 WE DO IN HOUSE FINANCING *** BUY HERE PAY HERE ***, ASK FOR DETAILS (703)330-6926. WE ARE LOCATED AT 7216 CENTREVILLE RD MANASSAS VA 20111. OPEN 7 DAYS A WEEK. THERE IS NOT ANY FREIGHT OR DESTINATION CHARGES ON ANY VEHICLE. BUY OR SELL YOUR VEHICLE HERE. ALL VEHICLES ARE VIRGINIA INSPECTED AND COMES WITH 3 MONTHS /3000 MILES NATIONWIDE POWER TRAIN WARRANTY WITH FULL PURCHASE PRICE ON CASH DEALS ONLY (CERTAIN VEHICLES ARE EXCLUDED, CALL FOR DETAILS). WE ARE OPEN MON. - SAT. 10:00AM - 7:00PM AND SUN. 11:00AM - 5:00PM. AUTOCHECK REPORT IS AVAILABLE ON EVERY VEHICLE AT NO CHARGE. PRICE EXCLUDES PROCESSING FEE OF $699. *** COMMERCIAL AUTO AND TRUCKS IS NOT RESPONSIBLE FOR ANY MISPRINT ON FEATURES, EQUIPMENT, PRICE, AND ETC.*** VISIT COMMERCIAL AUTO AND TRUCKS ONLINE AT WWW.CATVA1.COM TO SEE MORE PICTURES OF THIS VEHICLE OR CALL US AT (703)330-6926 TODAY TO SCHEDULE YOUR TEST DRIVE. COMMERCIAL AUTO AND TRUCKS 7216 CENTREVILLE RD. MANASSAS VA 20111 (703)330-6926 WWW.CATVA1.COM",,2014 Honda Accord Sport Sedan CVT_item_9130_0.jpg
5,Hyundai,Sonata SE Excellent,2016,black,4,5-cylinder,0,109000,8900.0,"2016 hyundai sonata se condition: excellent cylinders: 5 cylinders drive: rwd fuel: gas odometer: 109,000 paint color: black title status: clean transmission: other type: sedan I am selling my 2016 Hyundai Sonata SE Black clean Title, with no any issue, New Virginia Inspection and Emission. Run perfect with great Tires, for just $8900, Call me please 732500 three Two 94 thank you",,2016 Hyundai Sonata SE Excellent_item_5334_0.jpg
6,Chevrolet,Express 2500 Cargo Van,2018,white,4,6-cylinder,0,82000,,"7216 CENTREVILLE RD. 2018 chevrolet express 2500 cargo van VIN: 1GCWGAFP5J1285323 condition: excellent cylinders: 6 cylinders drive: rwd est. monthly pmt: $700 fuel: gas odometer: 82,000 paint color: white title status: clean transmission: automatic type: van more ads by this seller Offered by: Commercial Auto and Trucks -- (703)330-6926 Commercial Auto and Trucks Mileage: 82000 Condition: Used Engine: 4.3L/V6 Transmission: Automatic 8-Speed Drivetrain: RWD Fuel: Gasoline Exterior Color: White Interior Color: Gray Stock#: 654 WE DO IN HOUSE FINANCING *** BUY HERE PAY HERE ***, ASK FOR DETAILS (703)330-6926. WE ARE LOCATED AT 7216 CENTREVILLE RD MANASSAS VA 20111. OPEN 7 DAYS A WEEK. THERE IS NOT ANY FREIGHT OR DESTINATION CHARGES ON ANY VEHICLE. BUY OR SELL YOUR VEHICLE HERE. ALL VEHICLES ARE VIRGINIA INSPECTED AND COMES WITH 3 MONTHS /3000 MILES NATIONWIDE POWER TRAIN WARRANTY WITH FULL PURCHASE PRICE ON CASH DEALS ONLY (CERTAIN VEHICLES ARE EXCLUDED, CALL FOR DETAILS). WE ARE OPEN MON. - SAT. 10:00AM - 7:00PM AND SUN. 11:00AM - 5:00PM. AUTOCHECK REPORT IS AVAILABLE ON EVERY VEHICLE AT NO CHARGE. PRICE EXCLUDES PROCESSING FEE OF $699. *** COMMERCIAL AUTO AND TRUCKS IS NOT RESPONSIBLE FOR ANY MISPRINT ON FEATURES, EQUIPMENT, PRICE, AND ETC.*** VISIT COMMERCIAL AUTO AND TRUCKS ONLINE AT WWW.CATVA1.COM TO SEE MORE PICTURES OF THIS VEHICLE OR CALL US AT (703)330-6926 TODAY TO SCHEDULE YOUR TEST DRIVE. COMMERCIAL AUTO AND TRUCKS 7216 CENTREVILLE RD. MANASSAS VA 20111 (703)330-6926 WWW.CATVA1.COM",,2018 Chevrolet Express 2500 Cargo Van_item_9703_0.jpg
7,Chevrolet,Express 2500 Extended Cargo Van w/ 1WT,2011,blue,4,8-cylinder,0,37000,,"7216 CENTREVILLE RD. 2011 Chevrolet Express 2500 Cargo EXT VIN: 1GCWGGCA5B1157278 condition: excellent cylinders: 8 cylinders drive: rwd est. monthly pmt: $650 fuel: gas odometer: 37,000 paint color: blue title status: clean transmission: automatic type: van more ads by this seller Offered by: Commercial Auto and Trucks -- (703)330-6926 Commercial Auto and Trucks Mileage: 37000 Condition: Used Engine: 4.8L/V8 Transmission: Automatic 6-Speed Drivetrain: RWD Fuel: Gasoline Exterior Color: Blue Interior Color: Gray Stock#: 980 WE DO IN HOUSE FINANCING *** BUY HERE PAY HERE ***, ASK FOR DETAILS (703)330-6926. WE ARE LOCATED AT 7216 CENTREVILLE RD MANASSAS VA 20111. OPEN 7 DAYS A WEEK. THERE IS NOT ANY FREIGHT OR DESTINATION CHARGES ON ANY VEHICLE. BUY OR SELL YOUR VEHICLE HERE. ALL VEHICLES ARE VIRGINIA INSPECTED AND COMES WITH 3 MONTHS /3000 MILES NATIONWIDE POWER TRAIN WARRANTY WITH FULL PURCHASE PRICE ON CASH DEALS ONLY (CERTAIN VEHICLES ARE EXCLUDED, CALL FOR DETAILS). WE ARE OPEN MON. - SAT. 10:00AM - 7:00PM AND SUN. 11:00AM - 5:00PM. AUTOCHECK REPORT IS AVAILABLE ON EVERY VEHICLE AT NO CHARGE. PRICE EXCLUDES PROCESSING FEE OF $699. *** COMMERCIAL AUTO AND TRUCKS IS NOT RESPONSIBLE FOR ANY MISPRINT ON FEATURES, EQUIPMENT, PRICE, AND ETC.*** VISIT COMMERCIAL AUTO AND TRUCKS ONLINE AT WWW.CATVA1.COM TO SEE MORE PICTURES OF THIS VEHICLE OR CALL US AT (703)330-6926 TODAY TO SCHEDULE YOUR TEST DRIVE. COMMERCIAL AUTO AND TRUCKS 7216 CENTREVILLE RD. MANASSAS VA 20111 (703)330-6926 WWW.CATVA1.COM",,2011 Chevrolet Express 2500 Extended Cargo Van w 1_item_1785_0.jpg
8,Chevrolet,Traverse LT Sport Utility 4D,2020,brown,4,6-cylinder,0,109697,18499.0,"2020 Chevrolet Traverse LT VIN: 1GNEVGKW1LJ150674 condition: good cylinders: 6 cylinders drive: 4wd fuel: gas odometer: 109,697 paint color: brown title status: clean transmission: automatic type: SUV more ads by this seller ‚ôî ‚ôõ ‚ôî ‚ôõ ‚ôî ‚ôõ ‚ôî ‚ôõ ROYAL PIKE MOTORS ‚ôõ ‚ôî ‚ôõ ‚ôî ‚ôõ ‚ôî ‚ôõ ‚ôî ‚úÖ Prime & Subprime Lending Available! ‚úÖ We Finance Everyone! ‚úÖ TONS OF LENDERS - We offer GUARANTEED APPROVAL FOR EVERYONE!!! ‚úÖ BAD CREDIT, NO CREDIT, REPOS, BANKRUPTCY, WE GOT YOU COVERED. ‚úÖ AS LONG AS YOU HAVE A JOB = YOU GOT A CAR WITH US!! 2020 Chevrolet Traverse LT AWD 4 Brand New Tires Low price 8 Seater Great Conditions Clean Carfax and title, no accident, always owned in Virginia , V6 3.6 Liter Automatic Cloth seats, Power Seat, Heated Seats, Remote key fob, Remote Starter, Alarm security system, CD Player, Premium Sound system, 20 Inch Wheels, New VA inspection, Great Mechanical Conditions, Drives Very smooth LT LOADED WITH: Power Door Locks, Air Conditioning, Dual Air Bags, Power Steering, Heated Seats, Roof Rack, Cruise Control, Air Conditioning, Rear Premium Wheels, Side Air Bags, Bose Surround Sound, Towing Pkg, Daytime Running Lights, Power Seat, AM/FM Stereo, Rear Park Assist, Tilt & Telescoping Wheel, F&R Head Curtain Air Bags, Rear Spoiler, Power Liftgate Release, Traction Control, Hit the Road Pkg, Keyless Entry, CD/MP3 (Single Disc), SiriusXM Satellite, StabiliTrak, Third Row Seat, Fog Lights, Backup Camera, Power Windows, Navigation System, Keyless Start, 8-Passenger Seating, ABS (4-Wheel), Bluetooth Wireless, OnStar more.. üì≤CALL: 540-692-9345 TO GET THE BEST PRICE! Phone: (540) 692-9345 Website: www.Royalpikemotors.com Address: 411 North Commerce Ave, Front Royal, VA 22630 STORE HOURS MON - SAT: 9:00 AM To 6:00PM üëâ To Fill a Credit Application copy and paste this link: Royalpikemotors.com/securecreditapp DISCLAIMER ROYAL PIKE MOTORS will never sell, share, or spam your mobile number. EXTENDED WARRANTY AVAILABLE UP TO 4 YEARS. PAYMENTS AND DOWNPAYMENT SUBJECT TO CREDIT APPROVAL. CONTACT DEALER FOR MORE INFO. These set prices are based on a one time payment in full with your own bank check, cashier check, credit card or cash. The down payment may vary depending on the qualified customer. Annual Percentage Rate (APR) will vary per customer qualification. Deposits and/or down payment for our cars to hold for more than 48 hours is non-refundable. There's a one time processing fee of $499.00 plus tags, tax, title. Some fees and conditions may apply for dealer arranged financing. Price does not include registration for DMV taxes, tags, title or $499.00 processing fee. All advertised prices exclude government fees and taxes, any finance charges, any dealer document preparation charge, and any emission testing charge. Vehicle availability is not guaranteed and subject to prior sale. All vehicle details advertised are true to our best knowledge, but not guaranteed. It is the customer's sole responsibility to verify the existence and condition of any equipment listed. The dealership is not responsible for misprints on prices or equipment. It is the customer's sole responsibility to verify the accuracy of the prices with the dealer. Pricing are subject to change without notice. Any advertised down, monthly, bi-weekly, and weekly payments are estimated examples and / or approximate payments only and subject to credit check and approvals.",,2020 Chevrolet Traverse LT Sport Utility 4D_item_1391_0.jpg
9,Ford,Focus SE Hatchback 4Doors Automatic Low Mileage & Price,2018,Unknown,4,4-cylinder,0,88486,9200.0,"2018 Ford Focus SE VIN: 1FADP3K20JL237106 condition: excellent cylinders: 4 cylinders drive: fwd fuel: gas odometer: 88,486 title status: clean transmission: automatic type: hatchback more ads by this seller ‚ôî ‚ôõ ‚ôî ‚ôõ ‚ôî ‚ôõ ‚ôî ‚ôõ ROYAL PIKE MOTORS ‚ôõ ‚ôî ‚ôõ ‚ôî ‚ôõ ‚ôî ‚ôõ ‚ôî ‚úÖ Prime & Subprime Lending Available! ‚úÖ We Finance Everyone! ‚úÖ TONS OF LENDERS - We offer GUARANTEED APPROVAL FOR EVERYONE!!! ‚úÖ BAD CREDIT, NO CREDIT, REPOS, BANKRUPTCY, WE GOT YOU COVERED. ‚úÖ AS LONG AS YOU HAVE A JOB = YOU GOT A CAR WITH US!! 2018 Ford Focus SE Hatchback 4Doors Automatic Low Mileage & Price Automatic 6-Spd Powershift, 4-Cyl, PZEV, 2.0 Liter Fuel Efficient UP TO 40 MPG ! Gold Color, Beige Interior, Remote key fob, Power Trunk Release, Original floormates CD Player, Premium Sound System, Power windows, Power door locks, Back up Camera 4 LIKE NEW TIRES, New VA inspection, Runs very smooth SPECIAL Edition Loaded with: Power Door Locks, Air Conditioning, CD/MP3 (Single Disc), Dual Air Bags, Power Steering, SYNC, Cruise Control, Premium Wheels, Side Air Bags, Premium Sound, Daytime Running Lights, AM/FM Stereo, Tilt & Telescoping Wheel, F&R Head Curtain Air Bags, Anti-Theft System, Rear Spoiler, Hill Start Assist, Knee Air Bags, Traction Control, Keyless Entry, SiriusXM Satellite, AdvanceTrac, Backup Camera, Power Windows, ABS (4-Wheel), Bluetooth Wireless, and more... üì≤CALL: 540-692-9345 TO GET THE BEST PRICE! Phone: (540) 692-9345 Website: www.Royalpikemotors.com Address: 411 North Commerce Ave, Front Royal, VA 22630 STORE HOURS MON - SAT: 9:00 AM To 6:00PM üëâ To Fill a Credit Application copy and paste this link: Royalpikemotors.com/securecreditapp DISCLAIMER ROYAL PIKE MOTORS will never sell, share, or spam your mobile number. EXTENDED WARRANTY AVAILABLE UP TO 4 YEARS. PAYMENTS AND DOWNPAYMENT SUBJECT TO CREDIT APPROVAL. CONTACT DEALER FOR MORE INFO. These set prices are based on a one time payment in full with your own bank check, cashier check, credit card or cash. The down payment may vary depending on the qualified customer. Annual Percentage Rate (APR) will vary per customer qualification. Deposits and/or down payments for our cars to hold for more than 48 hours is non-refundable. There's a one time processing fee of $399.00 plus tags, tax, title. Some fees and conditions may apply for dealer arranged financing. Price does not include registration for DMV taxes, tags, title or $399.00 processing fee. All advertised prices exclude government fees and taxes, any finance charges, any dealer document preparation charge, and any emission testing charge. Vehicle availability is not guaranteed and subject to prior sale. All vehicle details advertised are true to our best knowledge, but not guaranteed. It is the customer's sole responsibility to verify the existence and condition of any equipment listed. The dealership is not responsible for misprints on prices or equipment. It is the customer's sole responsibility to verify the accuracy of the prices with the dealer. Pricing are subject to change without notice. Any advertised down, monthly, bi-weekly, and weekly payments are estimated examples and / or approximate payments only and subject to credit check and approvals.",,2018 Ford Focus SE Hatchback 4Doors Automatic Low _item_8413_0.jpg
11,dodge,journey SE sport utility 4D,2015,black,4,4-cylinder,0,143393,5800.0,"2015 dodge journey se condition: excellent cylinders: 4 cylinders drive: 4wd fuel: gas odometer: 143,393 paint color: black title status: clean transmission: automatic type: SUV Runs smoothly New battery 4 wheel drive Clean title 3 seats row",,2015 dodge journey SE sport utility 4D_item_5889_0.jpg
12,Honda,Pilot EXL Mayland Inspected,2013,black,4,6-cylinder,0,121783,9750.0,"2013 honda pilot exl condition: excellent cylinders: 6 cylinders drive: 4wd fuel: gas odometer: 121,783 paint color: black title status: clean transmission: automatic type: SUV 2013 Honda Pilot EXL in Excellent Condition and Super Clean. Fully loaded with Leather, Sunroof, Heated Seats, Power Seats, Backup Camera, 3rd Row Seats, 8 Passengers, AWD. Tow package. Maryland inspected, Timing belt and water done, Transmission and engine oil changed. Ready to go,Incredibly Safe in Snow, Very well kept, Drives Great, Needs Nothing, Clean title. $9750 or best offer",,2013 Honda Pilot EXL Mayland Inspected_item_9715_0.jpg
13,Toyota,Tacoma 4x4 Miles!,2021,white,4,4-cylinder,0,11503,27970.0,"2021 Toyota Tacoma SR5 VIN: 3TYSX5EN9MT007087 condition: like new cylinders: 4 cylinders drive: 4wd fuel: gas odometer: 11,503 paint color: white title status: clean transmission: automatic type: pickup more ads by this seller VIN: 3TYSX5EN9MT007087 MILEAGE: 11,503 2021 Toyota Tacoma SR 4x4 with 11k miles. Drives and shifts smooth! For further information or an appointment please give us a call at (703) 473-9097. We have a $195 processing fee. At Econo Auto we offer a wide variety of excellent pre-owned vehicles, CALL US TODAY AT 703 473-9097 FOR A TEST DRIVE, We would love to have the opportunity to earn your valuable business. Prices exclude tax and fee. All of our vehicles come with a valid VA Inspection. Visit our website at www.econo-auto.com! VADLR. *Tags* Toyota, Tacoma, Toyota Tacoma, Tacoma Access Cab, Tacoma 4-door, 4-dr Pickup, Compact Pickup, Small Pickup, Fuel efficient Pickup, 19 Tacoma, 20 Tacoma, 21 Tacoma, 22 Tacoma, 2019 Tacoma, 2020 Tacoma, 2021 Tacoma, 2022 Tacoma.",,2021 Toyota Tacoma 4x4 11k Miles!_item_9182_0.jpg
14,RAM,1500 4x4 5.7L,2019,white,4,8-cylinder,0,84371,19970.0,"2019 Ram 1500 Classic DS VIN: 1C6RR7FT8KS747352 condition: good cylinders: 8 cylinders drive: 4wd fuel: gas odometer: 84,371 paint color: white title status: clean transmission: automatic type: pickup more ads by this seller VIN: 1C6RR7FT8KS747352 MILEAGE: 84,371 2019 RAM 1500 Tradesman 4x4 Quad Cab 5.7L V8. Super clean from the inside and out! Drives and shifts smooth. Perfect pickup truck for work purposes. Perfect for Carpentry work, Electrician, HVAC, Landscaping, Mechanic, Paint, etc. For further information or appointment please give us a call at (703) 473-9097. We have a $195 processing fee. At Econo Auto we offer a wide variety of excellent pre-owned vehicles, CALL US TODAY AT 703 473-9097 FOR A TEST DRIVE, We would love to have the opportunity to earn your valuable business. Prices exclude tax and fee. All of our vehicles come with a valid VA Inspection. Visit our website at www.econo-auto.com! VADLR. *Tags* Dodge Ram, Work Truck, Work Pickup, 4x4, Quad Cab, 5.7L V8, RAM 1500, 2018 RAM 1500, 2019 RAM 1500, 2020 RAM 1500, 18 RAM 1500, 19 RAM 1500, 20 RAM 1500.",,2019 RAM 1500 4x4 5.7L_item_9523_0.jpg
15,RAM,!,2017,red,4,6-cylinder,0,63921,17970.0,"2017 Ram 1500 ST VIN: 1C6RR6FG2HS741858 condition: good cylinders: 6 cylinders drive: rwd fuel: gas odometer: 63,921 paint color: red title status: clean transmission: automatic type: pickup more ads by this seller VIN: 1C6RR6FG2HS741858 MILEAGE: 63,921 2017 RAM 1500 Express 4x2 Quad Cab 3.6L V6. Super clean from the inside and out! Drives and shifts smooth. Perfect pickup truck for work purposes. Perfect for Carpentry work, Electrician, HVAC, Landscaping, Mechanic, Paint, etc. For further information or appointment please give us a call at (703) 473-9097. We have a $195 processing fee. At Econo Auto we offer a wide variety of excellent pre-owned vehicles, CALL US TODAY AT 703 473-9097 FOR A TEST DRIVE, We would love to have the opportunity to earn your valuable business. Prices exclude tax and fee. All of our vehicles come with a valid VA Inspection. Visit our website at www.econo-auto.com! VADLR. *Tags* Dodge Ram, Work Truck, Work Pickup, 4x2, Quad Cab, 3.6L V6, RAM 1500, 2015 RAM 1500, 2016 RAM 1500, 2017 RAM 1500, 2018 RAM 1500, 15 RAM 1500, 16 RAM 1500, 17 RAM 1500, 18 RAM 1500.",,2017 RAM 1500 63k Miles!_item_7174_0.jpg
16,RAM,ProMaster 3500 High Roof Diesel Cargo Van,2015,white,4,4-cylinder,0,82701,20970.0,"2015 Ram ProMaster 3500 VIN: 3C6URVJD9FE509274 condition: good cylinders: 4 cylinders drive: fwd fuel: diesel odometer: 82,701 paint color: white title status: clean transmission: automatic type: van more ads by this seller VIN: 3C6URVJD9FE509274 MILEAGE: 82,701 2015 RAM ProMaster 3500 High Roof Extended Cargo Van. 3.0L I4 Turbo Diesel. Super clean from the inside and out! Drives smooth. Perfect cargo van for work purposes. Perfect for Carpentry work, Electrician, HVAC, Landscaping, Mechanic, Paint, etc. We have many other cargo vans available, view our inventory at econo-auto.com. For further information or appointment please give us a call at (703) 473-9097. We have a $195 processing fee. At Econo Auto we offer a wide variety of excellent pre-owned vehicles, CALL US TODAY AT 703 473-9097 FOR A TEST DRIVE, We would love to have the opportunity to earn your valuable business. Prices exclude tax and fee. All of our vehicles come with a valid VA Inspection. Visit our website at www.econo-auto.com! VADLR. *Tags* Cargo, Cargo Van, High Roof, High Roof Cargo, High Roof Cargo Van, RAM, ProMaster, RAM ProMaster, ProMaster Cargo, 16 ProMaster, 17 ProMaster, 18 ProMaster, 19 ProMaster, 2016 ProMaster, 2017 ProMaster, 2018 ProMaster, 2019 ProMaster.",,2015 RAM ProMaster 3500 High Roof Diesel Cargo Van_item_5088_0.jpg
17,Kia,Soul,2020,grey,4,4-cylinder,0,78170,10970.0,"2020 Kia Soul VIN: KNDJ23AU9L7727232 condition: good cylinders: 4 cylinders drive: fwd fuel: gas odometer: 78,170 paint color: grey title status: clean transmission: automatic type: SUV more ads by this seller VIN: KNDJ23AU9L7727232 MILEAGE: 78,170 2020 Kia Soul with 77k miles. Drives and shifts smooth! Perfect commuter car. For further information or an appointment please give us a call at (703) 473-9097. We have a $195 processing fee. At Econo Auto we offer a wide variety of excellent pre-owned vehicles, CALL US TODAY AT 703 473-9097 FOR A TEST DRIVE, We would love to have the opportunity to earn your valuable business. Prices exclude tax and fee. All of our vehicles come with a valid VA Inspection. Visit our website at www.econo-auto.com! VADLR. *Tags* Kia, Kia Soul, Soul, Commuter Car, Gas Efficient, Fuel Efficient, Student Car, 15 Soul, 16 Soul, 17 Soul, 18 Soul, 19 Soul, 2015 Soul, 2016 Soul, 2017 Soul, 2018 Soul, 2019 Soul.",,2020 Kia Soul_item_5480_0.jpg
18,Kia,Soul,2016,grey,4,4-cylinder,0,88794,7970.0,"2016 Kia Soul VIN: KNDJP3A50G7359488 condition: good cylinders: 4 cylinders drive: fwd fuel: gas odometer: 88,794 paint color: grey title status: clean transmission: automatic type: SUV more ads by this seller VIN: KNDJP3A50G7359488 MILEAGE: 88,794 2016 Kia Soul with 88k miles. Drives and shifts smooth! Perfect commuter car. For further information or an appointment please give us a call at (703) 473-9097. We have a $195 processing fee. At Econo Auto we offer a wide variety of excellent pre-owned vehicles, CALL US TODAY AT 703 473-9097 FOR A TEST DRIVE, We would love to have the opportunity to earn your valuable business. Prices exclude tax and fee. All of our vehicles come with a valid VA Inspection. Visit our website at www.econo-auto.com! VADLR. *Tags* Kia, Kia Soul, Soul, Commuter Car, Gas Efficient, Fuel Efficient, Student Car, 15 Soul, 16 Soul, 17 Soul, 18 Soul, 19 Soul, 2015 Soul, 2016 Soul, 2017 Soul, 2018 Soul, 2019 Soul.",,2016 Kia Soul_item_5423_0.jpg
19,Ford,Transit,2020,white,4,6-cylinder,0,37955,36470.0,"2020 Ford Transit 250 High Roof VIN: 1FTBR1X87LKA81006 condition: excellent cylinders: 6 cylinders drive: rwd fuel: gas odometer: 37,955 paint color: white title status: clean transmission: automatic type: van more ads by this seller VIN: 1FTBR1X87LKA81006 MILEAGE: 37,955 2020 Ford Transit 250 High Roof Cargo. 3.5L V6. Drives and shifts smooth. Perfect cargo van for work purposes. Perfect for Carpentry work, Electrician, HVAC, Landscaping, Mechanic, Paint, etc. We have many other cargo vans available, view our inventory at econo-auto.com. For further information or appointment please give us a call at (703) 473-9097. We have a $195 processing fee. At Econo Auto we offer a wide variety of excellent pre-owned vehicles, CALL US TODAY AT 703 473-9097 FOR A TEST DRIVE, We would love to have the opportunity to earn your valuable business. Prices exclude tax and fee. All of our vehicles come with a valid VA Inspection. Visit our website at www.econo-auto.com! VADLR. *Tags* Cargo, Cargo Van, Ford, Ford T-250 Cargo, Ford T-250 Cargo Van, T250, T350, T250 Cargo, T-250, Transit, Work Van, High Roof Van, Fleet, 2018 T-250, 2019 T-250, 2020 T-250, 2021 T-250, 2022 T-250, 18 T250, 19 T250, 20 T250, 21 T250, 22 T250.",,2020 Ford Transit-250 High Roof Cargo Van_item_2552_0.jpg
20,Ford,Transit,2018,white,4,6-cylinder,0,145932,17970.0,"2018 Ford Transit 350 VIN: 1FTBW2CM1JKA88225 condition: good cylinders: 6 cylinders drive: rwd fuel: gas odometer: 145,932 paint color: white title status: clean transmission: automatic type: van more ads by this seller VIN: 1FTBW2CM1JKA88225 MILEAGE: 145,932 2018 Ford Transit 350 Medium Roof Cargo. 3.7L V6. Drives and shifts smooth. Perfect cargo van for work purposes. Perfect for Carpentry work, Electrician, HVAC, Landscaping, Mechanic, Paint, etc. We have many other cargo vans available, view our inventory at econo-auto.com. For further information or appointment please give us a call at (703) 473-9097. We have a $195 processing fee. At Econo Auto we offer a wide variety of excellent pre-owned vehicles, CALL US TODAY AT 703 473-9097 FOR A TEST DRIVE, We would love to have the opportunity to earn your valuable business. Prices exclude tax and fee. All of our vehicles come with a valid VA Inspection. Visit our website at www.econo-auto.com! VADLR. *Tags* Cargo, Cargo Van, Ford, Ford T-350 Cargo, Ford T-350 Cargo Van, T250, T350, T350 Cargo, T-350, Transit, Work Van, Fleet, 2015 T-350, 2016 T-350, 2017 T-350, 2018 T-350, 2019 T-350, 2020 T-350, 15 T350, 16 T350, 17 T350, 18 T350, 19 T350, 20 T350.",,2018 Ford Transit-350 Medium Roof Cargo Van_item_3096_0.jpg
21,Ford,Transit,2018,white,4,6-cylinder,0,125687,16470.0,"2018 Ford Transit 150 VIN: 1FTYE2YM5JKB22625 condition: good cylinders: 6 cylinders drive: rwd fuel: gas odometer: 125,687 paint color: white title status: clean transmission: automatic type: van more ads by this seller VIN: 1FTYE2YM5JKB22625 MILEAGE: 125,687 2018 Ford Transit 150 Cargo Van. 3.7L V6. Drives and shifts smooth. Perfect cargo van for work purposes. Equipped with ladder rack. Equipped with shelves/bins inside. Perfect for Carpentry work, Electrician, HVAC, Landscaping, Mechanic, Paint, etc. We have many other cargo vans available, view our inventory at econo-auto.com. For further information or appointment please give us a call at (703) 473-9097. We have a $195 processing fee. At Econo Auto we offer a wide variety of excellent pre-owned vehicles, CALL US TODAY AT 703 473-9097 FOR A TEST DRIVE, We would love to have the opportunity to earn your valuable business. Prices exclude tax and fee. All of our vehicles come with a valid VA Inspection. Visit our website at www.econo-auto.com! VADLR. *Tags* Cargo, Cargo Van, Ford, Ford T-250 Cargo, Ford T-250 Cargo Van, T150, T250, T150 Cargo, T-150, Transit, Work Van, Fleet, 2015 T-150, 2016 T-150, 2017 T-150, 2018 T-150, 2019 T-150, 2020 T-150, 15 T150, 16 T150, 17 T150, 18 T150, 19 T150, 20 T150.",,2018 Ford Transit-250 Cargo Van_item_7497_0.jpg
22,Ford,Focus,2015,silver,4,4-cylinder,0,97018,5970.0,"2015 Ford Focus S VIN: 1FADP3E27FL350392 condition: good cylinders: 4 cylinders drive: fwd fuel: gas odometer: 97,018 paint color: silver title status: clean transmission: automatic type: sedan more ads by this seller VIN: 1FADP3E27FL350392 MILEAGE: 97,018 2015 Ford Focus with 97k miles. Super clean from the inside and out! Drives and shifts smooth. Great gas saver! Gets 27 City MPG and 40 Highway MPG. Very fuel efficient. Perfect commuter car. For further information or an appointment please give us a call at (703) 473-9097. We have a $195 processing fee. At Econo Auto we offer a wide variety of excellent pre-owned vehicles, CALL US TODAY AT 703 473-9097 FOR A TEST DRIVE, We would love to have the opportunity to earn your valuable business. Prices exclude tax and fee. All of our vehicles come with a valid VA Inspection. Visit our website at www.econo-auto.com! VADLR. *Tags* Ford, Focus, Ford Focus, Economy Sedan, Commuter Car, Student Car, Compact Sedan, Gas Saver, Fuel Efficient, 13 Focus, 14 Focus, 15 Focus, 16 Focus, 17 Focus, 2013 Focus, 2014 Focus, 2015 Focus, 2016 Focus, 2017 Focus.",,2015 Ford Focus_item_1096_0.jpg
23,Ford,E,2010,white,4,8-cylinder,0,141037,7470.0,"2010 Ford E-150 Econoline VIN: 1FTNE1EWXADA91413 condition: good cylinders: 8 cylinders drive: rwd fuel: gas odometer: 141,037 paint color: white title status: clean transmission: automatic type: van more ads by this seller VIN: 1FTNE1EWXADA91413 MILEAGE: 141,037 2010 Ford E-150 Cargo Van 4.6L V8. Super clean from the inside and out! Perfect cargo van for work purposes. Perfect for Carpentry work, Electrician, HVAC, Landscaping, Mechanic, Paint, etc. We have many other cargo vans available, view our inventory at econo-auto.com. For further information or appointment please give us a call at (703) 473-9097. We have a $195 processing fee. At Econo Auto we offer a wide variety of excellent pre-owned vehicles, CALL US TODAY AT 703 473-9097 FOR A TEST DRIVE, We would love to have the opportunity to earn your valuable business. Prices exclude tax and fee. All of our vehicles come with a valid VA Inspection. Visit our website at www.econo-auto.com! VADLR. *Tags* Cargo, Cargo Van, Ford, Ford E-150 Cargo, Ford E-150 Cargo Van, E150, E150, E250 Cargo, E-150, Econoline, Work Van, Fleet, 2008 E-150, 2009 E-150, 2010 E-150, 2011 E-150, 2012 E-150, 2013 E-150, 2014 E-150, 08 E150, 09 E150, 10 E150, 11 E150, 12 E150, 13 E150, 14 E150.",,2010 Ford E-150 Cargo Van 4.6L V8 141k Miles!_item_2617_0.jpg
24,Chevrolet,Tahoe Police,2017,black,4,8-cylinder,0,107678,17970.0,"2017 Chevrolet Tahoe Police Vehicle VIN: 1GNLCDEC5HR236351 condition: good cylinders: 8 cylinders drive: rwd fuel: gas odometer: 107,678 paint color: black title status: clean transmission: automatic type: SUV more ads by this seller VIN: 1GNLCDEC5HR236351 MILEAGE: 107,678 2017 Chevrolet Tahoe Police. Super clean from the inside and out! Drives and shifts smooth. For further information or an appointment please give us a call at (703) 473-9097. We have a $195 processing fee. At Econo Auto we offer a wide variety of excellent pre-owned vans and fleet vehicles, CALL US TODAY AT 703 473-9097 FOR A TEST DRIVE, We would love to have the opportunity to earn your valuable business. Prices exclude tax and fee. All of our vehicles come with a valid VA Inspection. Visit our website at www.econo-auto.com! VADLR. *Tags* Chevy, Chevrolet, Chevy Tahoe, Chevrolet Tahoe, Full Size, SUV, Patrol SUV, Police SUV, Security SUV, 5.3L V8, 2015 Tahoe 2016 Tahoe, 2017 Tahoe, 2018 Tahoe, 2019 Tahoe, 2020 Tahoe, 15 Tahoe, 16 Tahoe, 17 Tahoe, 18 Tahoe, 19 Tahoe, 20 Tahoe.",,2017 Chevrolet Tahoe Police_item_2460_0.jpg
25,Chevrolet,Malibu,2018,silver,4,4-cylinder,0,85202,12470.0,"2018 Chevrolet Malibu VIN: 1G1ZD5ST5JF245979 condition: good cylinders: 4 cylinders drive: fwd fuel: gas odometer: 85,202 paint color: silver title status: clean transmission: automatic type: sedan more ads by this seller VIN: 1G1ZD5ST5JF245979 MILEAGE: 85,202 This 2018 Chevrolet Malibu LT is super clean from the inside and out! Drives smooth. A/C blows cold! Great gas saver. Very fuel efficient. Perfect commuter car. Perfect car for a student or new driver. For further information or appointment please give us a call at (703) 473-9097. We have a $195 processing fee. At Econo Auto we offer a wide variety of excellent pre-owned vehicles, CALL US TODAY AT 703 473-9097 FOR A TEST DRIVE, We would love to have the opportunity to earn your valuable business. Prices exclude tax and fee. All of our vehicles come with a valid VA Inspection. Visit our website at www.econo-auto.com! VADLR. *Tags* Chevrolet Malibu, Chevy Malibu, Malibu, Gas Saver, Student Car, Commuter Car, Fuel Efficient Car, Uber, LYFT, Turo, 2016 Malibu, 2017 Malibu, 2018 Malibu, 16 Malibu, 17 Malibu, 18 Malibu.",,2018 Chevrolet Malibu_item_1058_0.jpg
26,BMW,5 Series 535i xDrive AWD 4dr Sedan,2013,grey,4,6-cylinder,0,103103,10999.0,"25280 PLEASANT VALLEY ROAD UNIT 174 Ó§ì 2013 BMW 535i VIN: WBAFU7C55DDU70177 condition: excellent cylinders: 6 cylinders drive: 4wd fuel: gas odometer: 103,103 paint color: grey title status: clean transmission: automatic type: sedan cryptocurrency ok more ads by this seller TOCK#LMC1823 CLEAN IN AND OUT, WELL KEPT BMW 535i X DRIVE ""AWD"" SEDAN IS UP FOR SALE CLEAN CHARCOAL GRAY EXTERIOR, CLEAN LEATHER INTERIOR SMOOTH AND PERFECT TWIN TURBO ENGINE AUTOMATIC TRANSMISSION SHIFTS SMOOTH 103K MILES DRIVEN ONLY FULLY DETAILED/CLEANED FRESH VA STATE INSPECTION POWER (DOORS, WINDOWS, STEERING, HEATED SEATS, PUSH TO STRT, HANDS FREE ENTRY, NAVIGATION, BACK UP CAMERA, SUNROOF, POWERTAIL GATE, etc... GOOD TIRES, AND ALLOY WHEELS, etc.... DRIVES EXCELLENT COMPETITIVE PRICE LOUDOUN MOTOR CARS located in Chantilly VA is the sister concern company of LOUDOUN USED cars located in Leesburg VA. We are one of the renowned pre-owned used cars business, operating both in Chantilly VA and Leesburg VA serving nationwide especially the adjacent areas of tri states (DC/MD/VA) and WV with the quite satisfaction of hundreds of customers. With the each passing day we rapidly adding countless happy customers to our business circle having rating close to 5 (FIVE) stars. Prior to offer for sale, our vehicles are thoroughly inspected by the competent experts and if needed brought into compliance as well. Our prime focus in this essential area of life is to facilitate the customers with quality vehicles within competitive prices. We are continuously striving to provide full technical support to customers as per their requirement, help them to choose the appropriate vehicle which is best fit in their budget. We are committed to provide our customers pressure free environment with honest opinion. Third party Warranties are also offered if required by customers. We are glad to serve you anytime 11.00 A.M to 6.00 P.M Mon. To Fri. Sunday 12 PM To 05 PM LISTED PRICE FOR VEHICLE DOESN'T INCLUDE TITLE/TAX/REGISTRATION/LICENSE, $595 PROCESSING FEE & FINANCE CHARGES. FINANCING AVAILABLE, TERMS AND CONDITIONS APPLY. TRADE-INS WELCOME, ALWAYS OFFER FAIR BOOK VALUE DISCLAIMER: Any warranty that is provided by a third party is provided solely by such third party, and not by us or any other of our affiliates. LOCATION:- This vehicle is available at 25280 PLEASANT VALLEY RD.UNIT 174 CHANTILLY, VA 20152 For Quick info pl. call 571-349-3100 For Text messages 571-276-0137",,2013 BMW 5 Series 535i xDrive AWD 4dr Sedan_item_5339_0.jpg
27,Chevrolet,Colorado Extended Cab,2020,white,4,4-cylinder,0,87918,15470.0,"2020 Chevrolet Colorado Work Truck VIN: 1GCHSBEA8L1185911 condition: good cylinders: 4 cylinders drive: rwd fuel: gas odometer: 87,918 paint color: white title status: clean transmission: automatic type: pickup more ads by this seller VIN: 1GCHSBEA8L1185911 MILEAGE: 87,918 2020 Chevrolet Colorado Extended Cab. Super clean from the inside and out! Drives and shifts smooth. For further information or an appointment please give us a call at (703) 473-9097. We have a $195 processing fee. At Econo Auto we offer a wide variety of excellent pre-owned vehicles, CALL US TODAY AT 703 473-9097 FOR A TEST DRIVE, We would love to have the opportunity to earn your valuable business. Prices exclude tax and fee. All of our vehicles come with a valid VA Inspection. Visit our website at www.econo-auto.com! VADLR. *Tags* Chevy Colorado, Chevrolet Colorado, Colorado, Pickup, Pickup Truck, Compact Pickup, Small Pickup, Extended Cab, 17 Colorado, 18 Colorado, 19 Colorado, 20 Colorado, 2017 Colorado, 2018 Colorado, 2019 Colorado, 2020 Colorado.",,2020 Chevrolet Colorado Extended Cab_item_5948_0.jpg
28,Chevrolet,Colorado Extended Cab,2020,white,4,4-cylinder,0,84727,15470.0,"2020 Chevrolet Colorado Work Truck VIN: 1GCHSBEA4L1185825 condition: good cylinders: 4 cylinders drive: rwd fuel: gas odometer: 84,727 paint color: white title status: clean transmission: automatic type: pickup more ads by this seller VIN: 1GCHSBEA4L1185825 MILEAGE: 84,727 2020 Chevrolet Colorado Extended Cab. Super clean from the inside and out! Drives and shifts smooth. For further information or an appointment please give us a call at (703) 473-9097. We have a $195 processing fee. At Econo Auto we offer a wide variety of excellent pre-owned vehicles, CALL US TODAY AT 703 473-9097 FOR A TEST DRIVE, We would love to have the opportunity to earn your valuable business. Prices exclude tax and fee. All of our vehicles come with a valid VA Inspection. Visit our website at www.econo-auto.com! VADLR. *Tags* Chevy Colorado, Chevrolet Colorado, Colorado, Pickup, Pickup Truck, Compact Pickup, Small Pickup, Extended Cab, 17 Colorado, 18 Colorado, 19 Colorado, 20 Colorado, 2017 Colorado, 2018 Colorado, 2019 Colorado, 2020 Colorado.",,2020 Chevrolet Colorado Extended Cab_item_5449_0.jpg
29,Chevrolet,Caprice 6.0L V8,2012,black,4,8-cylinder,0,138214,9470.0,"2012 Chevrolet Caprice Police Vehicle VIN: 6G1MK5R22CL666255 condition: good cylinders: 8 cylinders drive: rwd fuel: gas odometer: 138,214 paint color: black title status: clean transmission: automatic type: sedan more ads by this seller VIN: 6G1MK5R22CL666255 MILEAGE: 138,214 6.0L V8. 2012 Chevrolet Caprice Police. One previous owner, which was the Police Department. Super clean from the inside and out! Drives smooth. We have many other Police Interceptor's available, view our inventory at econo-auto.com. For further information or appointment please give us a call at (703) 473-9097. We have a $195 processing fee. At Econo Auto we offer a wide variety of excellent pre-owned vehicles, CALL US TODAY AT 703 473-9097 FOR A TEST DRIVE, We would love to have the opportunity to earn your valuable business. Prices exclude tax and fee. All of our vehicles come with a valid VA Inspection. Visit our website at www.econo-auto.com! VADLR. *Tags* Chevy, Chevrolet, Caprice, Caprice PPV, Chevrolet Caprice Police, Chevy Caprice, Chevy Caprice Police, Chevrolet Caprice Police Interceptor, Caprice V8, Caprice 6.0L, 2011 Caprice, 2012 Caprice, 2013 Caprice, 2014 Caprice, 11 Caprice, 12 Caprice, 13 Caprice, 14 Caprice.",,2012 Chevrolet Caprice 6.0L V8_item_6716_0.jpg
30,Cadillac,ATS 2.0T Miles!,2014,grey,4,4-cylinder,0,79897,9470.0,"2014 Cadillac ATS Luxury VIN: 1G6AB5RX4E0111155 condition: good cylinders: 4 cylinders drive: rwd fuel: gas odometer: 79,897 paint color: grey title status: clean transmission: automatic type: sedan more ads by this seller VIN: 1G6AB5RX4E0111155 MILEAGE: 79,897 2014 Cadillac ATS 2.0T. Drives and shifts smooth! For further information or an appointment please give us a call at (703) 473-9097. We have a $195 processing fee. At Econo Auto we offer a wide variety of excellent pre-owned vehicles, CALL US TODAY AT 703 473-9097 FOR A TEST DRIVE, We would love to have the opportunity to earn your valuable business. Prices exclude tax and fee. All of our vehicles come with a valid VA Inspection. Visit our website at www.econo-auto.com! VADLR. *Tags* Cadillac, ATS, Cadillac ATS, Sedan, 12 ATS, 13 ATS, 14 ATS, 15 ATS, 16 ATS, 2012 ATS, 2013 ATS, 2014 ATS, 2015 ATS, 2016 ATS.",,2014 Cadillac ATS 2.0T 79k Miles!_item_2189_0.jpg
32,TOYOTA,CAMRY SE 4D SEDAN,2022,red,4,4-cylinder,0,18576,24495.0,"Leesburg Pike 2022 TOYOTA CAMRY SE SEDAN condition: like new cylinders: 4 cylinders drive: fwd fuel: gas odometer: 18,576 paint color: red title status: clean transmission: automatic type: sedan more ads by this seller For sale is a 2022 Toyota Camry SE Sport 4D Sedan in perfect condition with a clean title. This beautifully maintained vehicle has a very low miles 18576 and features an extra clean red metallic exterior and a black leather interior that has never been smoked in and is free of pet hair. The car runs and drives excellently with no mechanical issues, a smoothly shifting transmission, and a fully functional engine. Recent services include new tires, rotors, brakes, filters, and fresh synthetic engine oil. It has also passed the Virginia inspection and is ready for a new owner. All power equipment is functioning properly. If you are seriously interested, please call me at (571) 277-2997. Additional Information: Engine 4-Cyl, 2.5 Liter 28/39 MPG ,Automatic, 8-Spd w/Sequential Shift,Front wheel drive,Power door mirrors with turn signal indicators,Heated door mirrors,Body-color bumpers,Rear spoiler,Auto high-beam headlights,Fully automatic headlights,Variably intermittent wipers,Ash cloth fabric seat trim with Sport SofTex, Power driver seat,Front bucket seats with split folding rear seat,Front center armrest Rear seat center armrest,Tilt and telescoping steering wheel,Dual-zone automatic temperature control,Rear window defroster,Illuminated entry Outside temperature display,Overhead console,Front reading lights,Driver and passenger vanity mirrors,Backup camera,Bluetooth connectivity USB ports and AUX input,Apple CarPlay and Android Auto compatibility,AM/FM radio with SiriusXM,6 speakers,Radio data system,Steering wheel mounted audio controls,Trip computer,4-wheel disc brakes with ABS,Traction control,Electronic stability control,Low tire pressure warning,Dual front impact airbags,Dual front side impact airbags,Knee airbag,Rear side impact airbag,Occupant sensing airbag,Overhead airbag,Emergency communication system,Rear anti-roll bar,Brake assist,Panic alarm,Security system,Front-wheel drive (FWD) Four-wheel independent suspension Speed-sensing steering, rear spoiler,Alloy wheels 18 inch.",,2022 TOYOTA CAMRY SE 4D SEDAN_item_7324_0.jpg
33,Toyota,Corolla LE 4D Sedan,2013,white,4,4-cylinder,0,112000,8495.0,"Leesburg Pike 2013 Toyota Corolla LE 4D Sedan condition: excellent cylinders: 4 cylinders drive: fwd fuel: gas odometer: 112,000 paint color: white title status: clean transmission: automatic type: sedan more ads by this seller For sale is a 2013 Toyota Corolla LE 4D Sedan in perfect condition with a clean title. This beautifully maintained vehicle has 112000 miles and features an extra clean white exterior and a beige cloth interior that has never been smoked in and is free of pet hair. The car runs and drives excellently with no mechanical issues, a smoothly shifting transmission, and a fully functional engine. Recent services include new tires, rotors, brakes, filters, and fresh synthetic engine oil. It has also passed the Virginia inspection and is ready for a new owner. All power equipment is functioning properly. If you are seriously interested, please call me at (571) 277-2997. Additional Information: Engine: 4-Cyl, 1.8 Liter ,MPG: 26 City / 35 Highway,Transmission: Automatic, 5-Speed Drivetrain: Front-Wheel Drive (FWD) ,Power Steering,Front Disc/Rear Drum Brake Traction Control,Stability Control,ABS (4-Wheel),Brake Assist,Tires: Front Performance / Rear Performance,Temporary Spare Tire,Traction Control,ABS (4-Wheel),Stability Control,Anti-Theft System,Daytime Running Lights,Dual Air Bags,Front & Rear Head Curtain Air Bags,Side Air Bags,Child Safety Locks,Tire Pressure Monitor,Passenger Air Bag Sensor,Brake Assist,Driver Air Bag,Front Side Air Bag,Front Head Air Bag,Rear Head Air Bag,Air Conditioning (A/C) Power Door Locks,Power Windows.Cruise Control,Tilt & Telescoping Wheel,Cloth Seats,Bucket Seats,Rear Bench Seat,Pass-Through Rear Seat,Adjustable Steering Wheel,Trip Computer,Steering Wheel Audio Controls,Keyless Entry,Immobilizer,Driver Vanity Mirror,Passenger Vanity Mirror,Front Reading Lamps,Rear Defrost,Power Outlet,AM/FM Stereo,CD/MP3 (Single Disc)Bluetooth Wireless,Satellite Feature,Auxiliary Audio Input,Steering Wheel Audio Controls,Heated Mirrors ,Wipers,Variable Speed Intermittent Wipers,Wheel Covers,Steel Wheels.",,2013 Toyota Corolla LE 4D Sedan_item_6857_0.jpg
34,Audi,Q5 3.2 quattro Premium Plus AWD 4dr SUV,2011,grey,4,6-cylinder,0,138143,7999.0,"25280 PLEASANT VALLEY ROAD UNIT 174 Ó§ì 2011 audi q5 3.2 quattro premium VIN: WA1DKAFP4BA013315 condition: excellent cylinders: 6 cylinders drive: 4wd fuel: gas odometer: 138,143 paint color: grey title status: clean transmission: automatic type: SUV cryptocurrency ok more ads by this seller STOCK#LMC1538 MECHANICALLY PERFECT, CLEAN IN AND OUT, NICE AND WELL KEPT, AUDI Q5 PREMIUM PLUS QUATTRO AWD SUV IS ON SALE, BEAUTIFUL GRAY EXTERIOR, CLEAN LEATHER INTERIOR SMOOTH AND PERFECT TURBO ENGINE AUTOMATIC TRANSMISSION SHIFTS SMOOTH 138K MILES DRIVEN ONLY FULLY DETAILED/CLEANED FRESH VA STATE INSPECTION POWER (DOORS, WINDOWS, STEERING, MIRRORS,) HEATED SEATS, BACK UP CAMERA, NAVIGATION, PANORAMIC SUNROOF, POWER TAIL GATE. etc... GOOD TIRES, AND ALLOY WHEELS, etc.... DRIVES EXCELLENT COMPETITIVE PRICE LOUDOUN MOTOR CARS located in Chantilly VA is the sister concern company of LOUDOUN USED cars located in Leesburg VA. We are one of the renowned pre-owned used cars business, operating both in Chantilly VA and Leesburg VA serving nationwide especially the adjacent areas of tri states (DC/MD/VA) and WV with the quite satisfaction of hundreds of customers. With the each passing day we rapidly adding countless happy customers to our business circle having rating close to 5 (FIVE) stars. Prior to offer for sale, our vehicles are thoroughly inspected by the competent experts and if needed brought into compliance as well. Our prime focus in this essential area of life is to facilitate the customers with quality vehicles within competitive prices. We are continuously striving to provide full technical support to customers as per their requirement, help them to choose the appropriate vehicle which is best fit in their budget. We are committed to provide our customers pressure free environment with honest opinion. Third party Warranties are also offered if required by customers. We are glad to serve you anytime 11.00 A.M to 6.00 P.M Mon. To Fri. Sunday 12 PM To 05 PM LISTED PRICE FOR VEHICLE DOESN'T INCLUDE TITLE/TAX/REGISTRATION/LICENSE, $595 PROCESSING FEE & FINANCE CHARGES. FINANCING AVAILABLE, TERMS AND CONDITIONS APPLY. TRADE-INS WELCOME, ALWAYS OFFER FAIR BOOK VALUE DISCLAIMER: Any warranty that is provided by a third party is provided solely by such third party, and not by us or any other of our affiliates. LOCATION:- This vehicle is available at 25280 PLEASANT VALLEY RD.UNIT 174 CHANTILLY, VA 20152 For Quick info pl. call 571-349-3100 For Text messages 571-276-0137",,2011 Audi Q5 3.2 quattro Premium Plus AWD 4dr SUV_item_9153_0.jpg
35,BMW,"328xi, , only",2014,white,4,4-cylinder,0,79000,12950.0,"Ó§ì 2014 bmw 328xi condition: excellent cylinders: 4 cylinders drive: fwd fuel: gas odometer: 79,000 paint color: white title status: clean transmission: automatic type: sedan I bought the car new and have garage kept it most its life, both at home and at work. I recently had a complete vehicle inspection performed to make sure she was ready for her next owner. My mechanic said it was in impressive condition and noted two maintenance items which I had done. The safety Inspection is good until Feb 2025. The engine runs great, maintenance records are available and the tires are relatively new. Great tread on All Season run flat tires. I just had new breaks and rotors installed along with the serpentine belt. (per the mechanics recommendation) I realize there may be some priced a little lower but believe this is the lowest priced like it with these features and miles. In addition to this being a 328 xi (or also known as the 328 i Xdrive) I also purchased a few upgrade packages listed below. Cold Weather Package: Heated Steering Wheel, Heated front & rear seats, retractable headlight washers. Lighting Package: Xenon headlights. Premium Package: Comfort Access keyless entry, moon-roof, lumbar support, Satellite radio*. Technology Package: Navigation system with touch-pad, heads-up display, BMW online, Advanced RTTI, remote services, BMW apps Enhanced B/T and smartphone. Other features: ¬∑ Sport leather steering wheel ¬∑ 17‚ÄùAlloy Wheel A/S ¬∑ Universal garage door opener ¬∑ Auto-dimming mirrors ¬∑ Auto-dimming rearview mirror ¬∑ Power front seats ¬∑ Split fold-down rear seat ¬∑ Storage package ¬∑ Dark Burl Walnut wood trim ¬∑ Highlight trim finishers pearl ¬∑ Automatic climate control ¬∑ Ambiance lighting ¬∑ BMW Assist eCall* ¬∑ BMW Teleservices* ¬∑ STEPTRONIC automatic transmission and many more features/options",,"2014 BMW 328xi, 1 owner, only 79,000 miles_item_2864_0.jpg"
36,Toyota,Highlander,2020,black,4,6-cylinder,0,60000,26000.0,"2020 toyota highlander condition: excellent cylinders: 6 cylinders fuel: gas odometer: 60,000 paint color: black title status: clean transmission: automatic type: SUV 60 K miles, just passed emission and inspection in VA, one owner, new tires, new battery. The brakes are original and still in good shape. 202 five one five 0628. Minor dents.",,2020 Toyota Highlander_item_2709_0.jpg
